{"accuracy": [0.6967372894287109, 0.8509925603866577, 0.881657600402832, 0.8962107300758362, 0.903448224067688, 0.91028892993927, 0.9156808853149414, 0.91840660572052, 0.9201979041099548, 0.9217464327812195, 0.9252437949180603, 0.9258268475532532, 0.9277250170707703, 0.9274817705154419, 0.9296595454216003, 0.9282166957855225, 0.931525707244873, 0.9321366548538208, 0.9332825541496277, 0.9329324960708618, 0.9341736435890198, 0.9346925616264343, 0.9349439144134521, 0.9353077411651611, 0.9362056851387024, 0.9366173148155212, 0.9365203976631165, 0.9364900588989258, 0.9372498393058777, 0.9376640915870667, 0.9376856088638306, 0.9378756880760193, 0.9386510848999023, 0.9387805461883545, 0.9388218522071838, 0.9400796294212341, 0.9399861693382263, 0.9401990175247192, 0.9410625696182251, 0.9394317269325256, 0.9373142123222351, 0.9364979267120361, 0.940821647644043, 0.9411394000053406, 0.9420105218887329, 0.9422684907913208, 0.9421802163124084, 0.9422690272331238, 0.9422895908355713, 0.9426736831665039, 0.9426576495170593, 0.9428620338439941, 0.9421906471252441, 0.9426719546318054, 0.9432490468025208, 0.9434033632278442, 0.9430034160614014, 0.9432551860809326, 0.9435672760009766, 0.9338096976280212, 0.9416064620018005, 0.9431374073028564, 0.9441671967506409, 0.9436314105987549, 0.9444267749786377, 0.9443529844284058, 0.944624662399292, 0.944782555103302, 0.9446865916252136, 0.9449319839477539, 0.9447245001792908, 0.9443002343177795, 0.9448350071907043, 0.9452064633369446, 0.945539116859436, 0.9451236724853516, 0.944984495639801, 0.9453476667404175, 0.9453631043434143, 0.9455936551094055, 0.9456447958946228, 0.9460218548774719, 0.9459078311920166, 0.9453443288803101, 0.9459083080291748, 0.9460618495941162, 0.9453579783439636, 0.9456085562705994, 0.9456960558891296, 0.9465140104293823, 0.9467580914497375, 0.94640052318573, 0.9466565847396851, 0.9460964798927307, 0.946281373500824, 0.9467428922653198, 0.9467730522155762, 0.9468252062797546, 0.9466884136199951, 0.9471641778945923], "loss": [0.730470597743988, 0.39682814478874207, 0.3199288845062256, 0.2823784351348877, 0.26377570629119873, 0.24489165842533112, 0.22953258454799652, 0.2213798463344574, 0.2165774703025818, 0.21186062693595886, 0.20193429291248322, 0.199535071849823, 0.19457173347473145, 0.19503742456436157, 0.1888209581375122, 0.1929434835910797, 0.18315443396568298, 0.1813088059425354, 0.1782253235578537, 0.17891575396060944, 0.17549842596054077, 0.1735266149044037, 0.17291143536567688, 0.17181307077407837, 0.1691315472126007, 0.16801385581493378, 0.16803933680057526, 0.16800829768180847, 0.16583029925823212, 0.16461236774921417, 0.16459256410598755, 0.16424471139907837, 0.1616448163986206, 0.16120673716068268, 0.16109110414981842, 0.15732204914093018, 0.15759749710559845, 0.15700140595436096, 0.15443310141563416, 0.15997058153152466, 0.1653529703617096, 0.1677895188331604, 0.155241921544075, 0.15409304201602936, 0.15159447491168976, 0.15086494386196136, 0.1509467363357544, 0.1506292074918747, 0.1506441831588745, 0.14922986924648285, 0.149433434009552, 0.1488209366798401, 0.1507261097431183, 0.1492520421743393, 0.1475847363471985, 0.14715424180030823, 0.14814695715904236, 0.1475200653076172, 0.1466737985610962, 0.17584474384784698, 0.15244325995445251, 0.1478021889925003, 0.144919753074646, 0.14667250216007233, 0.14396458864212036, 0.14410190284252167, 0.14334437251091003, 0.14289367198944092, 0.14309468865394592, 0.1423928290605545, 0.14303775131702423, 0.14421679079532623, 0.14278489351272583, 0.1416139304637909, 0.1406097114086151, 0.14182378351688385, 0.14223279058933258, 0.1411496102809906, 0.14109815657138824, 0.14032919704914093, 0.14025893807411194, 0.13917846977710724, 0.13944649696350098, 0.141134113073349, 0.1394449770450592, 0.13889047503471375, 0.1411692053079605, 0.14027170836925507, 0.1398414671421051, 0.13758976757526398, 0.1370309740304947, 0.13796581327915192, 0.1370595097541809, 0.13863641023635864, 0.13816949725151062, 0.13694581389427185, 0.13672029972076416, 0.13666805624961853, 0.13696648180484772, 0.1356961727142334], "val_accuracy": [0.7897824645042419, 0.8352490067481995, 0.8822885751724243, 0.8941049575805664, 0.9035944938659668, 0.910003662109375, 0.909153401851654, 0.9121712446212769, 0.9173848628997803, 0.9206573367118835, 0.9194011092185974, 0.9203760623931885, 0.9159018993377686, 0.9210366606712341, 0.9184990525245667, 0.9257983565330505, 0.9246318340301514, 0.925179660320282, 0.9247063398361206, 0.9259889125823975, 0.9238858819007874, 0.9252920150756836, 0.9270404577255249, 0.9241625666618347, 0.9272546768188477, 0.9272692203521729, 0.9282038807868958, 0.9266687631607056, 0.9280874133110046, 0.9269865155220032, 0.925575852394104, 0.9253113269805908, 0.9275554418563843, 0.9275757074356079, 0.9288923740386963, 0.9290861487388611, 0.9289252758026123, 0.9278782606124878, 0.9303739666938782, 0.9270113706588745, 0.9289811849594116, 0.9294653534889221, 0.930021345615387, 0.928849458694458, 0.9308724999427795, 0.9302193522453308, 0.9284487366676331, 0.9307688474655151, 0.9295491576194763, 0.9278846979141235, 0.930803656578064, 0.9295769333839417, 0.9288825392723083, 0.9308394193649292, 0.9311262965202332, 0.9291857481002808, 0.9286006093025208, 0.9303239583969116, 0.9264174699783325, 0.9261723160743713, 0.9269304871559143, 0.9306562542915344, 0.9287254214286804, 0.9309161901473999, 0.9307053089141846, 0.9283809661865234, 0.9309561848640442, 0.9304057955741882, 0.9273776412010193, 0.9314512014389038, 0.9297623038291931, 0.9301941394805908, 0.9315723776817322, 0.9308431148529053, 0.9302747249603271, 0.9315151572227478, 0.9306559562683105, 0.9305588006973267, 0.9320391416549683, 0.929835855960846, 0.9305914044380188, 0.9310265779495239, 0.931903600692749, 0.9300559163093567, 0.9311606884002686, 0.9300566911697388, 0.931694507598877, 0.9296948313713074, 0.9306713938713074, 0.9317505955696106, 0.9306965470314026, 0.9304079413414001, 0.9322350025177002, 0.9301362633705139, 0.9307200908660889, 0.9313827157020569, 0.9299719333648682, 0.9319117069244385, 0.931290328502655, 0.9304046034812927],