{"accuracy": [0.7282310724258423, 0.8628301024436951, 0.8871626257896423, 0.8965984582901001, 0.9063930511474609, 0.9117604494094849, 0.9158779382705688, 0.9182906150817871, 0.9203827977180481, 0.9218961000442505, 0.9234941601753235, 0.9251227974891663, 0.9260897636413574, 0.927343487739563, 0.9283633232116699, 0.9299613833427429, 0.930808961391449, 0.9316449165344238, 0.9322029948234558, 0.9323991537094116, 0.9331609010696411, 0.93454909324646, 0.9349580407142639, 0.9348970055580139, 0.9349674582481384, 0.936240553855896, 0.9365559816360474, 0.9237638115882874, 0.9331083297729492, 0.9349076747894287, 0.9362002015113831, 0.9374908208847046, 0.9379338622093201, 0.9377045631408691, 0.9379539489746094, 0.9390515685081482, 0.9396445751190186, 0.9394453763961792, 0.9393547773361206, 0.939789354801178, 0.9403021931648254, 0.9407169818878174, 0.9403160810470581, 0.9410133957862854, 0.9270231127738953, 0.9365329146385193, 0.9391636848449707, 0.9404557943344116, 0.9412684440612793, 0.9409953355789185, 0.9416588544845581, 0.9409921765327454, 0.9405956864356995, 0.9416953921318054, 0.9420475959777832, 0.9422768950462341, 0.9429755210876465, 0.9428277611732483, 0.9422115683555603, 0.9429888725280762, 0.9432743191719055, 0.9427355527877808, 0.9427733421325684, 0.9430096745491028, 0.9431236982345581, 0.9439554810523987, 0.943770706653595, 0.9437630772590637, 0.9440218806266785, 0.94405198097229, 0.944229245185852, 0.94120192527771, 0.9444155693054199, 0.9450129270553589, 0.9448490142822266, 0.9450061321258545, 0.9451591372489929, 0.9445639252662659, 0.9440256357192993, 0.9451513290405273, 0.9456586241722107, 0.945446252822876, 0.9454567432403564, 0.9455378651618958, 0.9453957080841064, 0.9457312822341919, 0.9455565810203552, 0.9449995756149292, 0.9457433223724365, 0.9459995031356812, 0.9459489583969116, 0.9460119605064392, 0.945911169052124, 0.9464151859283447, 0.9458511471748352, 0.9464042782783508, 0.9462378621101379, 0.9465023279190063, 0.9466949701309204, 0.9468589425086975], "loss": [0.6601471900939941, 0.3682827353477478, 0.30651557445526123, 0.28062012791633606, 0.25488272309303284, 0.23974943161010742, 0.2285715788602829, 0.2213786095380783, 0.21561269462108612, 0.21134264767169952, 0.20625852048397064, 0.20159468054771423, 0.1991174817085266, 0.1961544305086136, 0.19296056032180786, 0.1878586858510971, 0.18540292978286743, 0.1829761564731598, 0.18115775287151337, 0.18065409362316132, 0.17828083038330078, 0.17449046671390533, 0.17309942841529846, 0.17311404645442963, 0.17266760766506195, 0.16891877353191376, 0.16802172362804413, 0.20625567436218262, 0.17806671559810638, 0.173346146941185, 0.16873139142990112, 0.16519291698932648, 0.16394296288490295, 0.16433514654636383, 0.16373960673809052, 0.16065461933612823, 0.1587337851524353, 0.1591441035270691, 0.15916264057159424, 0.15793447196483612, 0.15647444128990173, 0.155451238155365, 0.15635086596012115, 0.15428251028060913, 0.19587542116641998, 0.1668575555086136, 0.15946529805660248, 0.15598633885383606, 0.15363194048404694, 0.1540256142616272, 0.1524522453546524, 0.1542191505432129, 0.15516804158687592, 0.1520932912826538, 0.15117545425891876, 0.15023590624332428, 0.1482805460691452, 0.1485956609249115, 0.15041890740394592, 0.1481190174818039, 0.14714771509170532, 0.14877936244010925, 0.14853672683238983, 0.14799100160598755, 0.14754647016525269, 0.14535830914974213, 0.14573410153388977, 0.14569427073001862, 0.14508268237113953, 0.1448129564523697, 0.14455558359622955, 0.15347231924533844, 0.1437099725008011, 0.14221221208572388, 0.14256708323955536, 0.14201858639717102, 0.14158420264720917, 0.14335696399211884, 0.14472106099128723, 0.14154765009880066, 0.1401243805885315, 0.140712171792984, 0.14061729609966278, 0.14051321148872375, 0.14074501395225525, 0.1398073434829712, 0.14011159539222717, 0.14192348718643188, 0.13981957733631134, 0.13892599940299988, 0.13908259570598602, 0.1389349400997162, 0.1391887068748474, 0.13788029551506042, 0.1394089311361313, 0.1377491056919098, 0.13817299902439117, 0.1374502331018448, 0.1368081420660019, 0.13637156784534454], "val_accuracy": [0.8232782483100891, 0.8828616142272949, 0.8905813097953796, 0.8945111036300659, 0.9088261127471924, 0.9109603762626648, 0.9137282371520996, 0.9029351472854614, 0.9174134731292725, 0.9042001366615295, 0.91798996925354, 0.9071513414382935, 0.9240409731864929, 0.9192899465560913, 0.9218053817749023, 0.9156000018119812, 0.9238444566726685, 0.9267685413360596, 0.92466139793396, 0.9253829121589661, 0.9255418181419373, 0.9259361624717712, 0.9261980056762695, 0.9264906048774719, 0.9241101145744324, 0.9265843033790588, 0.9277437329292297, 0.9257210493087769, 0.9260838031768799, 0.9270554184913635, 0.9287964105606079, 0.92669677734375, 0.9263620972633362, 0.9264236688613892, 0.9287001490592957, 0.9288944602012634, 0.9291276931762695, 0.9275124669075012, 0.9309285283088684, 0.9299318194389343, 0.9295569658279419, 0.9293062686920166, 0.9291434288024902, 0.929153561592102, 0.925251305103302, 0.9290454387664795, 0.9286961555480957, 0.9307156205177307, 0.9300490617752075, 0.9298962354660034, 0.9300674796104431, 0.9225613474845886, 0.9294636845588684, 0.9315271377563477, 0.9298141598701477, 0.9302179217338562, 0.9294959306716919, 0.93119215965271, 0.9296731352806091, 0.9304339289665222, 0.9304391741752625, 0.9275734424591064, 0.930328905582428, 0.931681752204895, 0.9325981736183167, 0.9322510957717896, 0.9306469559669495, 0.9318386912345886, 0.9293444156646729, 0.9324762225151062, 0.9255994558334351, 0.9308756589889526, 0.9295293092727661, 0.9312196969985962, 0.9297396540641785, 0.9322083592414856, 0.9303007125854492, 0.9301611185073853, 0.9315220713615417, 0.9327408075332642, 0.930969774723053, 0.9309902787208557, 0.9310106635093689, 0.931240975856781, 0.9316878914833069, 0.9263059496879578, 0.931559681892395, 0.9309166669845581, 0.9312732815742493, 0.9312852025032043, 0.9304102063179016, 0.9297040104866028, 0.9315900802612305, 0.93012535572052, 0.9304842352867126, 0.9314097166061401, 0.9332037568092346, 0.9324929118156433, 0.9313271641731262, 0.9303118586540222],