{"accuracy": [0.7010131478309631, 0.8563536405563354, 0.8829726576805115, 0.8955720067024231, 0.9034196138381958, 0.9089307188987732, 0.9142405390739441, 0.9161848425865173, 0.9202582836151123, 0.9232075214385986, 0.9235656261444092, 0.924323320388794, 0.926002562046051, 0.9284319281578064, 0.894160807132721, 0.8903843760490417, 0.9130440950393677, 0.9207938313484192, 0.9244984984397888, 0.9257269501686096, 0.9283340573310852, 0.9298744201660156, 0.930433988571167, 0.9306097626686096, 0.92973393201828, 0.9312315583229065, 0.9329579472541809, 0.9335476756095886, 0.9340060353279114, 0.9349668622016907, 0.9350249767303467, 0.9354832768440247, 0.935994029045105, 0.9365516304969788, 0.9356403946876526, 0.937150239944458, 0.9377732872962952, 0.9372426867485046, 0.9374368190765381, 0.93784499168396, 0.938643753528595, 0.9381163120269775, 0.9387809038162231, 0.9387704730033875, 0.9396040439605713, 0.9395138621330261, 0.9399693608283997, 0.9405775666236877, 0.9404296875, 0.9404630661010742, 0.9403994679450989, 0.9411380290985107, 0.9388429522514343, 0.940395176410675, 0.9409622550010681, 0.9419568181037903, 0.9421104788780212, 0.9422069191932678, 0.941226065158844, 0.9421149492263794, 0.9428232312202454, 0.9417909979820251, 0.9430509209632874, 0.9432921409606934, 0.9433595538139343, 0.9423145055770874, 0.9436125755310059, 0.9432453513145447, 0.9439280033111572, 0.9432308673858643, 0.943350613117218, 0.9435849785804749, 0.9440711140632629, 0.9440486431121826, 0.9436307549476624, 0.9441830515861511, 0.9444301128387451, 0.9444811940193176, 0.9447107315063477, 0.9450951218605042, 0.9446726441383362, 0.9448650479316711, 0.9446038603782654, 0.9450114965438843, 0.9453439116477966, 0.9455254077911377, 0.9456268548965454, 0.9451881647109985, 0.9454061985015869, 0.9457489252090454, 0.945604681968689, 0.9451949000358582, 0.9458490014076233, 0.9460428357124329, 0.9459438323974609, 0.946018397808075, 0.9461366534233093, 0.9463127851486206, 0.9456169605255127, 0.9461528062820435], "loss": [0.7179089188575745, 0.3836515247821808, 0.3162051737308502, 0.28357425332069397, 0.2635945975780487, 0.24764199554920197, 0.23279301822185516, 0.227624773979187, 0.21614791452884674, 0.2075037658214569, 0.2061806470155716, 0.20361904799938202, 0.1988634616136551, 0.19218674302101135, 0.2905395030975342, 0.29977717995643616, 0.235511913895607, 0.2137063890695572, 0.20324890315532684, 0.19975310564041138, 0.19238680601119995, 0.18800108134746552, 0.18593436479568481, 0.1854885220527649, 0.18817926943302155, 0.18449917435646057, 0.17864207923412323, 0.17698441445827484, 0.17559675872325897, 0.1727091372013092, 0.17248550057411194, 0.17099596560001373, 0.1695564240217209, 0.16788077354431152, 0.1700994074344635, 0.1659812331199646, 0.16414973139762878, 0.16559559106826782, 0.16465158760547638, 0.16387662291526794, 0.16142809391021729, 0.16261161863803864, 0.16095329821109772, 0.16067345440387726, 0.15856203436851501, 0.15870583057403564, 0.15726393461227417, 0.15568724274635315, 0.15589933097362518, 0.15573236346244812, 0.15590991079807281, 0.15374185144901276, 0.1604880392551422, 0.15645040571689606, 0.1542128473520279, 0.15132690966129303, 0.15103931725025177, 0.15062637627124786, 0.15337803959846497, 0.1507568508386612, 0.1486654132604599, 0.15157480537891388, 0.14787539839744568, 0.14732512831687927, 0.14703595638275146, 0.14995700120925903, 0.14627566933631897, 0.1473798304796219, 0.1454252004623413, 0.1473911851644516, 0.1466890126466751, 0.14620840549468994, 0.14478760957717896, 0.14487773180007935, 0.14588601887226105, 0.14428167045116425, 0.14366154372692108, 0.14344896376132965, 0.14289335906505585, 0.1419104039669037, 0.14319516718387604, 0.14225217700004578, 0.14317165315151215, 0.142004132270813, 0.1410471498966217, 0.14046268165111542, 0.1401144564151764, 0.14130167663097382, 0.14070044457912445, 0.13978011906147003, 0.140139639377594, 0.1414092481136322, 0.13941489160060883, 0.13897621631622314, 0.13914954662322998, 0.13900010287761688, 0.13874803483486176, 0.13816826045513153, 0.14000827074050903, 0.1384488195180893], "val_accuracy": [0.8338544368743896, 0.8545777201652527, 0.8894156217575073, 0.8772982954978943, 0.9080806970596313, 0.9086035490036011, 0.9090723991394043, 0.915272057056427, 0.914990246295929, 0.9173638820648193, 0.917402982711792, 0.9177576899528503, 0.9221687316894531, 0.9224011301994324, 0.8611911535263062, 0.9059977531433105, 0.9110482335090637, 0.9154207706451416, 0.9170539975166321, 0.9154686331748962, 0.9238271713256836, 0.923456072807312, 0.9242246747016907, 0.925318717956543, 0.9232004880905151, 0.9259880185127258, 0.9252465963363647, 0.9226391911506653, 0.9253805875778198, 0.9235662817955017, 0.9241514801979065, 0.9277639985084534, 0.9248318672180176, 0.926391065120697, 0.9262747168540955, 0.9274819493293762, 0.9276822209358215, 0.9272284507751465, 0.9248243570327759, 0.9272727966308594, 0.9251596331596375, 0.925445556640625, 0.9264987707138062, 0.92824786901474, 0.9272794723510742, 0.9271632432937622, 0.9289104342460632, 0.9275850653648376, 0.9272170066833496, 0.9249380826950073, 0.9286649823188782, 0.92746901512146, 0.9298934936523438, 0.9284656643867493, 0.9296040534973145, 0.9284298419952393, 0.928055465221405, 0.9278243184089661, 0.9317821860313416, 0.9287551045417786, 0.9280493259429932, 0.9313679933547974, 0.928119421005249, 0.9295638203620911, 0.9244170188903809, 0.9305118322372437, 0.9320406317710876, 0.9298000335693359, 0.9318188428878784, 0.9292977452278137, 0.9294619560241699, 0.9304581880569458, 0.9276496767997742, 0.9296833276748657, 0.9304894804954529, 0.9320090413093567, 0.9283384084701538, 0.9315018653869629, 0.9289248585700989, 0.9304476976394653, 0.9303455352783203, 0.931491494178772, 0.9316427707672119, 0.930701494216919, 0.9302895665168762, 0.9304847717285156, 0.9330722689628601, 0.9308316111564636, 0.9303484559059143, 0.9310259819030762, 0.9319574236869812, 0.9288901686668396, 0.931529700756073, 0.9323252439498901, 0.9313753843307495, 0.9322620034217834, 0.9321670532226562, 0.9314976334571838, 0.9303112030029297, 0.9327042698860168],