{"accuracy": [0.7268791198730469, 0.8622615337371826, 0.8869786858558655, 0.9010610580444336, 0.9085237383842468, 0.9133481383323669, 0.9167871475219727, 0.9202045798301697, 0.9221199750900269, 0.9221222996711731, 0.9253084659576416, 0.9267694354057312, 0.9277713298797607, 0.9293609857559204, 0.9292013645172119, 0.9303372502326965, 0.9316707849502563, 0.9329969882965088, 0.9326388239860535, 0.9343559145927429, 0.9340877532958984, 0.9341887831687927, 0.9352652430534363, 0.9364829063415527, 0.936163067817688, 0.9371724128723145, 0.9358382225036621, 0.9370995759963989, 0.9372912645339966, 0.9381953477859497, 0.9385518431663513, 0.9387013912200928, 0.939397931098938, 0.9393801093101501, 0.9397063255310059, 0.9404850602149963, 0.9400238990783691, 0.9403772950172424, 0.9409390091896057, 0.9405359029769897, 0.9406743049621582, 0.9411303400993347, 0.9411727786064148, 0.9411725997924805, 0.9410879015922546, 0.9417284727096558, 0.9415479302406311, 0.9429056644439697, 0.9422117471694946, 0.9429889917373657, 0.9431307911872864, 0.9431573748588562, 0.9430354237556458, 0.9425740242004395, 0.9427692890167236, 0.9426504969596863, 0.9433412551879883, 0.9434987306594849, 0.9437518119812012, 0.9440479874610901, 0.9443502426147461, 0.9436075687408447, 0.9438062310218811, 0.9445881843566895, 0.9447847604751587, 0.944725513458252, 0.9445406198501587, 0.9445944428443909, 0.9446326494216919, 0.9452498555183411, 0.9445430040359497, 0.9441143274307251, 0.9453594088554382, 0.9457092881202698, 0.9456746578216553, 0.9454230070114136, 0.9458028674125671, 0.9456765651702881, 0.9441171884536743, 0.9449059963226318, 0.9451585412025452, 0.9459244608879089, 0.9460508227348328, 0.9463207125663757, 0.9464926719665527, 0.9464948177337646, 0.9462597370147705, 0.9466333985328674, 0.9459980130195618, 0.9465009570121765, 0.9468173980712891, 0.9470050930976868, 0.9468663334846497, 0.9457996487617493, 0.9466918706893921, 0.9470669627189636, 0.9471576809883118, 0.9451872706413269, 0.9434338212013245, 0.9465656876564026], "loss": [0.6674336791038513, 0.370149165391922, 0.30682799220085144, 0.2694883644580841, 0.24858102202415466, 0.2359723150730133, 0.22617095708847046, 0.2163580060005188, 0.21063658595085144, 0.2103487253189087, 0.2013939619064331, 0.19742658734321594, 0.19398510456085205, 0.18985673785209656, 0.18974220752716064, 0.18637655675411224, 0.1824301779270172, 0.1783961057662964, 0.17899559438228607, 0.1746581792831421, 0.17518439888954163, 0.17471091449260712, 0.17155423760414124, 0.16803181171417236, 0.1689174920320511, 0.16589806973934174, 0.16956394910812378, 0.1661911904811859, 0.16543355584144592, 0.16278691589832306, 0.161713108420372, 0.16124285757541656, 0.15918874740600586, 0.15926307439804077, 0.1581667959690094, 0.1559843271970749, 0.1572522521018982, 0.15643486380577087, 0.1545225977897644, 0.15547749400138855, 0.15501974523067474, 0.15362553298473358, 0.15370088815689087, 0.15371158719062805, 0.15377745032310486, 0.15187354385852814, 0.15244461596012115, 0.14853639900684357, 0.15043511986732483, 0.1482294201850891, 0.14768046140670776, 0.14768801629543304, 0.14785955846309662, 0.14923830330371857, 0.14867232739925385, 0.14913424849510193, 0.14706484973430634, 0.1465628296136856, 0.1457173377275467, 0.14486831426620483, 0.14404238760471344, 0.1460590958595276, 0.14539767801761627, 0.1434384435415268, 0.14271119236946106, 0.1428394466638565, 0.14328542351722717, 0.1431504487991333, 0.1429586410522461, 0.14128392934799194, 0.14338132739067078, 0.14448469877243042, 0.1409054845571518, 0.1400396078824997, 0.14008551836013794, 0.14064115285873413, 0.13969998061656952, 0.13989093899726868, 0.14471986889839172, 0.14243058860301971, 0.14145952463150024, 0.1392890363931656, 0.13884605467319489, 0.1380673497915268, 0.13761942088603973, 0.1375875473022461, 0.1380547434091568, 0.13721191883087158, 0.1388559639453888, 0.13744379580020905, 0.13638032972812653, 0.13603924214839935, 0.13630102574825287, 0.1393970102071762, 0.1368437111377716, 0.13573743402957916, 0.1354968547821045, 0.14192868769168854, 0.14623118937015533, 0.13731127977371216], "val_accuracy": [0.8376542329788208, 0.8777225613594055, 0.8962514400482178, 0.890152096748352, 0.9085766673088074, 0.9133632183074951, 0.9111195206642151, 0.9172529578208923, 0.9171228408813477, 0.9120706915855408, 0.919704794883728, 0.9215346574783325, 0.9233366847038269, 0.9247039556503296, 0.9203307032585144, 0.92364501953125, 0.9212944507598877, 0.9227888584136963, 0.9277877807617188, 0.9233970046043396, 0.9253032207489014, 0.9264530539512634, 0.9274111390113831, 0.9269756078720093, 0.9254088401794434, 0.9257059097290039, 0.9217773079872131, 0.9256592988967896, 0.9265351891517639, 0.92691969871521, 0.9268220067024231, 0.926292896270752, 0.9279240965843201, 0.9272754192352295, 0.9246152639389038, 0.9272465705871582, 0.9292909502983093, 0.9285373091697693, 0.9288474917411804, 0.9261932969093323, 0.9283901453018188, 0.9271184802055359, 0.9285470247268677, 0.9249440431594849, 0.928746223449707, 0.9284964799880981, 0.9298125505447388, 0.9276317954063416, 0.9306755661964417, 0.9309234023094177, 0.929898202419281, 0.9295533299446106, 0.931008517742157, 0.9279026985168457, 0.9271916747093201, 0.9293845295906067, 0.9258891344070435, 0.9290140271186829, 0.9302749633789062, 0.9289815425872803, 0.9272699952125549, 0.930655300617218, 0.9275323748588562, 0.9316802024841309, 0.9312359094619751, 0.929089367389679, 0.9315378665924072, 0.9321809411048889, 0.9307824373245239, 0.9325845837593079, 0.9276729822158813, 0.9303695559501648, 0.9295710921287537, 0.9324819445610046, 0.9290297031402588, 0.9315016269683838, 0.932633101940155, 0.9259106516838074, 0.931022584438324, 0.923797070980072, 0.9323941469192505, 0.9289626479148865, 0.9317518472671509, 0.9309090375900269, 0.9313397407531738, 0.9327459931373596, 0.9322323203086853, 0.9305362701416016, 0.9297503232955933, 0.9310987591743469, 0.9320622086524963, 0.9310649633407593, 0.9311555027961731, 0.9263046383857727, 0.9324045777320862, 0.932052731513977, 0.9320352077484131, 0.9284398555755615, 0.9306235313415527, 0.9301753640174866],