{"accuracy": [0.7094359397888184, 0.8566766977310181, 0.8839781284332275, 0.8963636755943298, 0.9060142040252686, 0.91140216588974, 0.9153693318367004, 0.9186118841171265, 0.9207813739776611, 0.922900915145874, 0.9251857995986938, 0.9261661171913147, 0.9254737496376038, 0.9267773032188416, 0.9292398691177368, 0.9308712482452393, 0.9309391379356384, 0.931829571723938, 0.9326989054679871, 0.9333410263061523, 0.9341463446617126, 0.9353544116020203, 0.9347180724143982, 0.9356253743171692, 0.9275352358818054, 0.9339764714241028, 0.9366223216056824, 0.9376685619354248, 0.9372811317443848, 0.9376789331436157, 0.9386563301086426, 0.9387133717536926, 0.9354832768440247, 0.9385336637496948, 0.9393424987792969, 0.9394581317901611, 0.9398568272590637, 0.9401180148124695, 0.940339982509613, 0.9409608840942383, 0.9402772188186646, 0.9376288652420044, 0.9399259090423584, 0.9412256479263306, 0.9417731761932373, 0.9419719576835632, 0.9421772360801697, 0.9421494007110596, 0.9421666860580444, 0.9423796534538269, 0.9414421916007996, 0.9426798224449158, 0.9429290294647217, 0.9431401491165161, 0.9434162378311157, 0.9433874487876892, 0.9435548186302185, 0.9437521696090698, 0.93039870262146, 0.9384151101112366, 0.9418155550956726, 0.9426815509796143, 0.9431798458099365, 0.9438610076904297, 0.9439940452575684, 0.9441536068916321, 0.9443715214729309, 0.9439211487770081, 0.9392459392547607, 0.9431749582290649, 0.9443667531013489, 0.9450980424880981, 0.9453055262565613, 0.9453534483909607, 0.945420503616333, 0.9456284046173096, 0.9449016451835632, 0.9451998472213745, 0.9457280039787292, 0.9449374079704285, 0.9454576373100281, 0.9456990957260132, 0.9455310106277466, 0.9459711313247681, 0.9461894631385803, 0.945880651473999, 0.945957362651825, 0.9461553692817688, 0.9455477595329285, 0.9455662369728088, 0.9458701610565186, 0.9466455578804016, 0.946735680103302, 0.9464551210403442, 0.9467558264732361, 0.9467343688011169, 0.9469789266586304, 0.9467669129371643, 0.9467290639877319, 0.9424387812614441], "loss": [0.7039443254470825, 0.38144853711128235, 0.3141287565231323, 0.28222307562828064, 0.2560425102710724, 0.24102362990379333, 0.23023520410060883, 0.22110198438167572, 0.21469274163246155, 0.2082689106464386, 0.2025449424982071, 0.1987612396478653, 0.20171096920967102, 0.197637677192688, 0.19017727673053741, 0.1857142597436905, 0.18552589416503906, 0.18237528204917908, 0.17972157895565033, 0.17798715829849243, 0.17558065056800842, 0.17209301888942719, 0.17367058992385864, 0.17090849578380585, 0.19483602046966553, 0.17611227929592133, 0.16830630600452423, 0.16532683372497559, 0.16599763929843903, 0.16468556225299835, 0.16193662583827972, 0.1614750176668167, 0.17148157954216003, 0.16211917996406555, 0.15982085466384888, 0.1596076935529709, 0.15799477696418762, 0.15753771364688873, 0.15649987757205963, 0.154547780752182, 0.15697698295116425, 0.16444031894207, 0.158050075173378, 0.15398748219013214, 0.1523500233888626, 0.1516973227262497, 0.15100997686386108, 0.15110395848751068, 0.15074940025806427, 0.15029974281787872, 0.15292325615882874, 0.14937874674797058, 0.14858153462409973, 0.1480846405029297, 0.1472744196653366, 0.14731469750404358, 0.14664681255817413, 0.14611780643463135, 0.18637138605117798, 0.1612759828567505, 0.15178392827510834, 0.14923129975795746, 0.1475553661584854, 0.1457969695329666, 0.1454005092382431, 0.14477185904979706, 0.14427919685840607, 0.14542268216609955, 0.15969794988632202, 0.14778387546539307, 0.1442163586616516, 0.1420404314994812, 0.1412695050239563, 0.1410694122314453, 0.14102981984615326, 0.1403084248304367, 0.14252154529094696, 0.14150381088256836, 0.1400742083787918, 0.14222243428230286, 0.14095933735370636, 0.1402871310710907, 0.1405976563692093, 0.13930921256542206, 0.13871869444847107, 0.13948477804660797, 0.13927645981311798, 0.13868024945259094, 0.14060983061790466, 0.14049191772937775, 0.13945239782333374, 0.13731881976127625, 0.13698408007621765, 0.1378418356180191, 0.13683408498764038, 0.13685856759548187, 0.13609756529331207, 0.13684149086475372, 0.13693101704120636, 0.14956241846084595], "val_accuracy": [0.8262428641319275, 0.8834498524665833, 0.8864840865135193, 0.9073378443717957, 0.9069584012031555, 0.9142112135887146, 0.9149634838104248, 0.91579270362854, 0.9206607341766357, 0.9222614169120789, 0.9186557531356812, 0.9224419593811035, 0.9176724553108215, 0.9205045700073242, 0.9235183596611023, 0.9215553402900696, 0.9244555234909058, 0.9245706796646118, 0.9241853952407837, 0.9261142015457153, 0.9275315999984741, 0.9275078773498535, 0.9283111095428467, 0.9267846345901489, 0.9198036789894104, 0.9273738265037537, 0.9292044639587402, 0.9287348389625549, 0.9265002012252808, 0.9285373687744141, 0.9278495907783508, 0.9298157691955566, 0.9264294505119324, 0.9274613857269287, 0.9286989569664001, 0.9268411993980408, 0.9315456748008728, 0.929039716720581, 0.92922443151474, 0.9299882054328918, 0.9278988838195801, 0.9301690459251404, 0.9303819537162781, 0.9310615062713623, 0.9306265115737915, 0.9298173785209656, 0.9293020367622375, 0.9298163652420044, 0.929153561592102, 0.9293928146362305, 0.9307007789611816, 0.9308273196220398, 0.9270484447479248, 0.9290685057640076, 0.9310875535011292, 0.9291707277297974, 0.931231677532196, 0.9317171573638916, 0.9260847568511963, 0.9286687970161438, 0.9311449527740479, 0.9303471446037292, 0.9302440285682678, 0.9309702515602112, 0.9312132596969604, 0.9320834279060364, 0.9306283593177795, 0.9299536347389221, 0.9296389222145081, 0.9284358620643616, 0.9319665431976318, 0.9318830370903015, 0.9319984912872314, 0.929495632648468, 0.9300200939178467, 0.9322798252105713, 0.9296949505805969, 0.9322791695594788, 0.9316909313201904, 0.9312039613723755, 0.9304264783859253, 0.93039470911026, 0.9322695732116699, 0.9307180643081665, 0.9326325058937073, 0.929328203201294, 0.9274489879608154, 0.9316715002059937, 0.9304925799369812, 0.9321635961532593, 0.9296655058860779, 0.9317163825035095, 0.931387186050415, 0.9316230416297913, 0.9331363439559937, 0.9321890473365784, 0.9313565492630005, 0.931420087814331, 0.9318656921386719, 0.931113064289093],