{"accuracy": [0.6991453170776367, 0.8445137143135071, 0.879939615726471, 0.8929129242897034, 0.9026064872741699, 0.9096770882606506, 0.9139334559440613, 0.9166823029518127, 0.9186301231384277, 0.9208192229270935, 0.9225161671638489, 0.924699068069458, 0.9262548089027405, 0.9271563291549683, 0.9281227588653564, 0.9288030862808228, 0.9297523498535156, 0.930694580078125, 0.9291573762893677, 0.9320077896118164, 0.9327079653739929, 0.9336403012275696, 0.9325923323631287, 0.9339020252227783, 0.9350898861885071, 0.9352193474769592, 0.9364208579063416, 0.936762273311615, 0.9369314908981323, 0.9240890741348267, 0.9336808323860168, 0.9348316192626953, 0.9368277788162231, 0.9372069835662842, 0.9381811618804932, 0.9372578263282776, 0.938060998916626, 0.9391007423400879, 0.9395621418952942, 0.939766526222229, 0.9356008768081665, 0.9391024112701416, 0.9404144883155823, 0.9406734108924866, 0.9409025311470032, 0.9404703378677368, 0.9410790801048279, 0.9413095712661743, 0.9415813088417053, 0.9411366581916809, 0.9421407580375671, 0.9419112801551819, 0.9413820505142212, 0.9417595267295837, 0.9362424612045288, 0.9421931505203247, 0.9428737163543701, 0.9431136250495911, 0.9427614212036133, 0.9426824450492859, 0.9429285526275635, 0.9430680871009827, 0.9435030817985535, 0.9435118436813354, 0.9437588453292847, 0.943985641002655, 0.9437646865844727, 0.943793773651123, 0.9441326260566711, 0.9442024230957031, 0.9443045854568481, 0.9448061585426331, 0.9442739486694336, 0.9444305896759033, 0.9444606304168701, 0.9436467885971069, 0.9443633556365967, 0.9450533390045166, 0.9449816942214966, 0.9453074932098389, 0.9455278515815735, 0.9450882077217102, 0.9448555707931519, 0.9447813034057617, 0.9454334378242493, 0.9455593824386597, 0.9457207918167114, 0.9453132152557373, 0.9457671046257019, 0.9460439085960388, 0.946028470993042, 0.9460709691047668, 0.9459770321846008, 0.9462510943412781, 0.9431260228157043, 0.944320797920227, 0.945967435836792, 0.9465611577033997, 0.9467293620109558, 0.9447991251945496], "loss": [0.7272131443023682, 0.4146438539028168, 0.3255908191204071, 0.29161712527275085, 0.26522496342658997, 0.24625977873802185, 0.23457098007202148, 0.2253478765487671, 0.22019614279270172, 0.213792085647583, 0.20847506821155548, 0.20293225347995758, 0.19824230670928955, 0.19524116814136505, 0.19249016046524048, 0.19074036180973053, 0.1877821385860443, 0.184777170419693, 0.1897432804107666, 0.1810053586959839, 0.17917825281620026, 0.17611126601696014, 0.17896321415901184, 0.17513294517993927, 0.1719149649143219, 0.17127209901809692, 0.16815818846225739, 0.16685332357883453, 0.16628065705299377, 0.2039160579442978, 0.17556259036064148, 0.17209774255752563, 0.1666208952665329, 0.1652732789516449, 0.1624850481748581, 0.16480016708374023, 0.16253407299518585, 0.15982627868652344, 0.15829378366470337, 0.15771731734275818, 0.16957829892635345, 0.1595844030380249, 0.1558358520269394, 0.15493561327457428, 0.15432584285736084, 0.15550711750984192, 0.1538277119398117, 0.15292483568191528, 0.15224944055080414, 0.1535140424966812, 0.15059953927993774, 0.15112930536270142, 0.152586430311203, 0.15159949660301208, 0.16813109815120697, 0.1503724306821823, 0.14839482307434082, 0.14764511585235596, 0.1486518830060959, 0.1487812101840973, 0.1479712873697281, 0.14776365458965302, 0.14649637043476105, 0.1462377905845642, 0.14560624957084656, 0.14504119753837585, 0.14577104151248932, 0.14547976851463318, 0.14451396465301514, 0.14422541856765747, 0.14386747777462006, 0.14265543222427368, 0.14404930174350739, 0.14369189739227295, 0.14365389943122864, 0.145676389336586, 0.1438424438238144, 0.14177951216697693, 0.14196985960006714, 0.1410619467496872, 0.1403772383928299, 0.14157670736312866, 0.14236077666282654, 0.1423802226781845, 0.14055439829826355, 0.14020684361457825, 0.13975510001182556, 0.14097248017787933, 0.1395445168018341, 0.13891804218292236, 0.138804629445076, 0.13868050277233124, 0.13892413675785065, 0.13821643590927124, 0.14720368385314941, 0.143552765250206, 0.13889551162719727, 0.13723167777061462, 0.13668951392173767, 0.1427929699420929], "val_accuracy": [0.8069514036178589, 0.8597493767738342, 0.8955499529838562, 0.8963847756385803, 0.9048717021942139, 0.916081964969635, 0.9169824123382568, 0.9160193800926208, 0.9208033084869385, 0.9219458699226379, 0.9227229356765747, 0.9252346754074097, 0.9232182502746582, 0.9239243865013123, 0.9279398322105408, 0.9288015365600586, 0.9249925017356873, 0.9274495840072632, 0.9265071153640747, 0.9289214611053467, 0.9284271001815796, 0.9263321161270142, 0.9284757375717163, 0.928860604763031, 0.930535078048706, 0.9303493499755859, 0.9294692873954773, 0.9302403926849365, 0.9273359179496765, 0.9255634546279907, 0.9246912598609924, 0.930587887763977, 0.9312608242034912, 0.930836021900177, 0.9305490255355835, 0.9299091696739197, 0.9322710037231445, 0.9304558634757996, 0.932072639465332, 0.9320739507675171, 0.929212212562561, 0.9321920871734619, 0.9317049980163574, 0.9308517575263977, 0.9308143854141235, 0.9311469197273254, 0.9316076040267944, 0.9307199120521545, 0.9309214353561401, 0.9328514337539673, 0.9322004318237305, 0.9304793477058411, 0.933372974395752, 0.9291857481002808, 0.9326783418655396, 0.9317997097969055, 0.9323943853378296, 0.9335364103317261, 0.9309829473495483, 0.9316127300262451, 0.9318766593933105, 0.9332002997398376, 0.9312270283699036, 0.933441698551178, 0.9322100877761841, 0.9334699511528015, 0.9333909749984741, 0.9326902627944946, 0.9337074756622314, 0.9326417446136475, 0.933802604675293, 0.9331599473953247, 0.9309764504432678, 0.9320828318595886, 0.9339956641197205, 0.9337286949157715, 0.9339914321899414, 0.9325721859931946, 0.9345744848251343, 0.9337118864059448, 0.9339109659194946, 0.9326361417770386, 0.9339686036109924, 0.9337565898895264, 0.93288654088974, 0.9324624538421631, 0.933903694152832, 0.9332491159439087, 0.9329364895820618, 0.93332839012146, 0.9334919452667236, 0.9313347339630127, 0.9334316253662109, 0.9315426349639893, 0.9268522262573242, 0.9287815093994141, 0.9323717951774597, 0.9342132806777954, 0.9339360594749451, 0.9278452396392822],