{"accuracy": [0.6950387954711914, 0.8497518301010132, 0.8827626705169678, 0.8974432945251465, 0.9062670469284058, 0.9117285013198853, 0.9146599173545837, 0.9185494780540466, 0.9213107228279114, 0.9230049252510071, 0.9241888523101807, 0.9258682131767273, 0.9270214438438416, 0.9281654357910156, 0.9299532175064087, 0.9306329488754272, 0.931576132774353, 0.9327497482299805, 0.9292643070220947, 0.931950032711029, 0.934248685836792, 0.9344906806945801, 0.9351484775543213, 0.9349194765090942, 0.9356705546379089, 0.9363237023353577, 0.936442494392395, 0.9370225071907043, 0.9376039505004883, 0.9379141926765442, 0.9378293752670288, 0.9389662742614746, 0.9388022422790527, 0.9386894702911377, 0.9376746416091919, 0.9391883611679077, 0.9400230646133423, 0.940045952796936, 0.9407671689987183, 0.9408745169639587, 0.9398317337036133, 0.9401557445526123, 0.9393509030342102, 0.9412712454795837, 0.9415293335914612, 0.9415801763534546, 0.9420755505561829, 0.9417336583137512, 0.9421661496162415, 0.9425365924835205, 0.942849338054657, 0.9426524043083191, 0.9429305195808411, 0.9427289962768555, 0.942633867263794, 0.9432799220085144, 0.9425749182701111, 0.9434374570846558, 0.9438115358352661, 0.9442354440689087, 0.9441296458244324, 0.94392991065979, 0.9436026811599731, 0.9444665312767029, 0.9443808197975159, 0.9446493983268738, 0.9437451958656311, 0.9435666799545288, 0.9447314143180847, 0.9449573159217834, 0.9451671838760376, 0.9447633624076843, 0.9444058537483215, 0.9450478553771973, 0.9452511668205261, 0.9451302886009216, 0.9455298185348511, 0.9456315040588379, 0.9454505443572998, 0.9455744028091431, 0.9459953308105469, 0.9458937048912048, 0.9439308643341064, 0.9354168176651001, 0.9448355436325073, 0.946025550365448, 0.9462893605232239, 0.9467402100563049, 0.9468228220939636, 0.9466302990913391, 0.946751058101654, 0.9466769099235535, 0.9467905163764954, 0.9468749165534973, 0.9466087222099304, 0.9468194246292114, 0.9466665387153625, 0.9469491243362427, 0.9469324946403503, 0.9466787576675415], "loss": [0.7216540575027466, 0.40122950077056885, 0.3183270990848541, 0.28049787878990173, 0.2559797763824463, 0.24067698419094086, 0.23220883309841156, 0.2211201786994934, 0.2130945473909378, 0.208275705575943, 0.20445169508457184, 0.20042742788791656, 0.19645433127880096, 0.19325880706310272, 0.18818698823451996, 0.18587565422058105, 0.18340998888015747, 0.1797138899564743, 0.19006505608558655, 0.1819913536310196, 0.17543157935142517, 0.17467209696769714, 0.17275625467300415, 0.17294923961162567, 0.1709948033094406, 0.16889072954654694, 0.1684805452823639, 0.16690118610858917, 0.16500504314899445, 0.16391238570213318, 0.1642298400402069, 0.16090351343154907, 0.16105800867080688, 0.161447674036026, 0.16423209011554718, 0.1601526141166687, 0.15740904211997986, 0.15709751844406128, 0.15525750815868378, 0.1546897441148758, 0.15752649307250977, 0.15700620412826538, 0.15932777523994446, 0.15343213081359863, 0.1526399403810501, 0.15252183377742767, 0.15114682912826538, 0.15179751813411713, 0.1507137417793274, 0.1495690792798996, 0.14864282310009003, 0.14903433620929718, 0.1483951210975647, 0.14874808490276337, 0.14911526441574097, 0.1473129391670227, 0.14919325709342957, 0.14666303992271423, 0.14555908739566803, 0.14453080296516418, 0.14478589594364166, 0.14523042738437653, 0.14613541960716248, 0.14365029335021973, 0.14394554495811462, 0.14312885701656342, 0.14555975794792175, 0.14617249369621277, 0.14280296862125397, 0.14198964834213257, 0.14159536361694336, 0.1426474153995514, 0.14384612441062927, 0.1417064368724823, 0.1412234604358673, 0.14144840836524963, 0.14038102328777313, 0.14015989005565643, 0.14064547419548035, 0.14035364985466003, 0.13913406431674957, 0.1391475349664688, 0.1455739140510559, 0.17163483798503876, 0.1426258087158203, 0.1389702707529068, 0.13813284039497375, 0.13689380884170532, 0.13664256036281586, 0.13705262541770935, 0.13686944544315338, 0.13688981533050537, 0.13660390675067902, 0.136333629488945, 0.1370551586151123, 0.1366567760705948, 0.137032151222229, 0.13620853424072266, 0.136051744222641, 0.1368783712387085], "val_accuracy": [0.8091801404953003, 0.8695240020751953, 0.8873122334480286, 0.8958210349082947, 0.8849120736122131, 0.9067278504371643, 0.9087392091751099, 0.913490891456604, 0.9206140041351318, 0.9208461046218872, 0.918373167514801, 0.9155285954475403, 0.9191984534263611, 0.9230084419250488, 0.9213131070137024, 0.9233913421630859, 0.9215721487998962, 0.926460862159729, 0.9243651032447815, 0.9251450896263123, 0.9255716800689697, 0.926245927810669, 0.925753653049469, 0.9288071393966675, 0.9295455813407898, 0.9260137677192688, 0.9272576570510864, 0.9269856214523315, 0.927627682685852, 0.929365873336792, 0.9242165088653564, 0.9280590415000916, 0.9278311729431152, 0.9262384176254272, 0.9270115494728088, 0.9244011640548706, 0.92824387550354, 0.9266908168792725, 0.9304737448692322, 0.9274799823760986, 0.9279957413673401, 0.9211897850036621, 0.9257971048355103, 0.9289887547492981, 0.9305002093315125, 0.9310562014579773, 0.9307101368904114, 0.9290212988853455, 0.9308052062988281, 0.9313462376594543, 0.9302180409431458, 0.9315205812454224, 0.9284400343894958, 0.9308410882949829, 0.9272971749305725, 0.9278028607368469, 0.9300597310066223, 0.929892361164093, 0.9300945997238159, 0.9314678311347961, 0.9302226901054382, 0.9311441779136658, 0.9292408227920532, 0.9309391975402832, 0.9307233691215515, 0.9280847907066345, 0.9296396374702454, 0.9314562678337097, 0.9308969378471375, 0.9314883351325989, 0.9298006892204285, 0.9312087297439575, 0.9316989183425903, 0.9313117861747742, 0.9323345422744751, 0.9315592646598816, 0.9317948222160339, 0.9323796033859253, 0.9253032803535461, 0.9312143325805664, 0.9316943287849426, 0.932075023651123, 0.8831038475036621, 0.9291040897369385, 0.9327283501625061, 0.9309595227241516, 0.9330381155014038, 0.9332310557365417, 0.9312095642089844, 0.931955099105835, 0.9308897852897644, 0.9309126138687134, 0.9327600598335266, 0.931567370891571, 0.9316120743751526, 0.9312973022460938, 0.9322684407234192, 0.9313142895698547, 0.932835042476654, 0.9323285222053528],