{"accuracy": [0.7031720280647278, 0.8244236707687378, 0.8749389052391052, 0.8940030336380005, 0.9027109146118164, 0.9094052910804749, 0.9142395257949829, 0.91627436876297, 0.9194620847702026, 0.9220046401023865, 0.9232195615768433, 0.9243714213371277, 0.9269176125526428, 0.9278321266174316, 0.9287655353546143, 0.9285460114479065, 0.9295480847358704, 0.9294735789299011, 0.9303383231163025, 0.9319187998771667, 0.9325702786445618, 0.9336668848991394, 0.9338992238044739, 0.9342705607414246, 0.9342994689941406, 0.9351298213005066, 0.9350420832633972, 0.9348029494285583, 0.9362061619758606, 0.9357070326805115, 0.9376662969589233, 0.9379413723945618, 0.938152551651001, 0.934012234210968, 0.9377502202987671, 0.938880980014801, 0.9397117495536804, 0.9401147961616516, 0.9401285648345947, 0.9399389624595642, 0.9403221011161804, 0.9402063488960266, 0.9398936033248901, 0.9410097002983093, 0.9410675764083862, 0.941378653049469, 0.9409310221672058, 0.9405148029327393, 0.9418392181396484, 0.9421260356903076, 0.9417357444763184, 0.9417557120323181, 0.9423913359642029, 0.9414716958999634, 0.940320611000061, 0.9415420293807983, 0.942790150642395, 0.9431746006011963, 0.9429464340209961, 0.9434225559234619, 0.9432048201560974, 0.9433994293212891, 0.9441519975662231, 0.9435219168663025, 0.943580687046051, 0.9443159103393555, 0.9440949559211731, 0.9438934922218323, 0.9442689418792725, 0.9439825415611267, 0.9440063238143921, 0.9445479512214661, 0.9447527527809143, 0.9452195167541504, 0.9447526931762695, 0.9446812272071838, 0.9450072050094604, 0.9446111917495728, 0.945313036441803, 0.9444386959075928, 0.9454390406608582, 0.945422351360321, 0.9452351927757263, 0.9456464648246765, 0.9456924200057983, 0.9454329013824463, 0.9395110607147217, 0.9435815215110779, 0.9452433586120605, 0.946077287197113, 0.9463900923728943, 0.9462502598762512, 0.9462395906448364, 0.9462572932243347, 0.946601152420044, 0.946190595626831, 0.94632488489151, 0.9460684657096863, 0.946613609790802, 0.9465899467468262], "loss": [0.711853563785553, 0.4594033658504486, 0.33612754940986633, 0.2889502942562103, 0.2658628523349762, 0.24789966642856598, 0.2345014363527298, 0.22836247086524963, 0.21944372355937958, 0.2110302597284317, 0.20783275365829468, 0.2040203958749771, 0.19688142836093903, 0.19414874911308289, 0.1912912279367447, 0.1916162073612213, 0.18858136236667633, 0.18976977467536926, 0.1864565759897232, 0.18185584247112274, 0.1797817498445511, 0.1763906627893448, 0.17601990699768066, 0.17453768849372864, 0.17427706718444824, 0.17197014391422272, 0.17215552926063538, 0.17293380200862885, 0.16897106170654297, 0.17039412260055542, 0.16438566148281097, 0.1633945256471634, 0.16290371119976044, 0.1752232313156128, 0.16390055418014526, 0.16061173379421234, 0.15819738805294037, 0.15698577463626862, 0.1569180190563202, 0.15729354321956635, 0.15604521334171295, 0.15646490454673767, 0.15730038285255432, 0.1541767567396164, 0.15381981432437897, 0.15286673605442047, 0.15419800579547882, 0.15534016489982605, 0.1515733301639557, 0.15086519718170166, 0.1516525000333786, 0.15171395242214203, 0.1497149020433426, 0.15239931643009186, 0.1568647176027298, 0.15233826637268066, 0.14851891994476318, 0.14747725427150726, 0.14788545668125153, 0.1467410773038864, 0.1472391039133072, 0.1466446965932846, 0.14446856081485748, 0.14626172184944153, 0.14605839550495148, 0.14395998418331146, 0.1444820910692215, 0.14511017501354218, 0.14390000700950623, 0.14499714970588684, 0.14496205747127533, 0.14311952888965607, 0.1425410807132721, 0.1412094384431839, 0.14256423711776733, 0.14281077682971954, 0.14169824123382568, 0.1429489254951477, 0.14083778858184814, 0.14337258040905, 0.14056213200092316, 0.14064891636371613, 0.14121849834918976, 0.14000801742076874, 0.1397298127412796, 0.14050628244876862, 0.15920905768871307, 0.14604100584983826, 0.14106690883636475, 0.138747438788414, 0.13774996995925903, 0.1381387859582901, 0.13829876482486725, 0.13816140592098236, 0.13720372319221497, 0.1382879763841629, 0.1378600001335144, 0.1386689394712448, 0.13698168098926544, 0.13710850477218628], "val_accuracy": [0.7925143241882324, 0.8635812997817993, 0.8866087794303894, 0.8994120359420776, 0.9054651260375977, 0.9077141284942627, 0.9004078507423401, 0.916033923625946, 0.9159201383590698, 0.9215050339698792, 0.9166693687438965, 0.9209277033805847, 0.9252521395683289, 0.9234113693237305, 0.9240438342094421, 0.9266304969787598, 0.9273642897605896, 0.9260450601577759, 0.922812283039093, 0.9264827966690063, 0.9279388189315796, 0.9239194989204407, 0.9274396300315857, 0.925469696521759, 0.9287878274917603, 0.9291561245918274, 0.9263147711753845, 0.9289484620094299, 0.9269409775733948, 0.9301382303237915, 0.9303493499755859, 0.9281734824180603, 0.926252007484436, 0.9290810823440552, 0.9274868369102478, 0.9300379753112793, 0.9310900568962097, 0.930945873260498, 0.9303498864173889, 0.9310293197631836, 0.9319323301315308, 0.9304896593093872, 0.9306842684745789, 0.9315121173858643, 0.9306947588920593, 0.9312537312507629, 0.9300967454910278, 0.9318395853042603, 0.9310815334320068, 0.9310693144798279, 0.931239902973175, 0.9319049715995789, 0.929597795009613, 0.9308962225914001, 0.9284148216247559, 0.9277796149253845, 0.9329218864440918, 0.9332202672958374, 0.9310517311096191, 0.9322234988212585, 0.9327335357666016, 0.9323106408119202, 0.9290456175804138, 0.931993842124939, 0.9337705373764038, 0.9325848817825317, 0.9310727715492249, 0.9332554936408997, 0.9327647089958191, 0.9328262209892273, 0.9300931692123413, 0.9315783977508545, 0.932378888130188, 0.9339024424552917, 0.9345557689666748, 0.9308647513389587, 0.9324324131011963, 0.9318851828575134, 0.9261212348937988, 0.9301461577415466, 0.9316478967666626, 0.9305753707885742, 0.9308856725692749, 0.9334721565246582, 0.9327895045280457, 0.9313820004463196, 0.9306358098983765, 0.9328926801681519, 0.9332142472267151, 0.9325265288352966, 0.933648407459259, 0.931915819644928, 0.933416485786438, 0.9315693974494934, 0.9311180710792542, 0.9321074485778809, 0.9286878108978271, 0.9321280717849731, 0.9341121912002563, 0.9329623579978943],