{"accuracy": [0.6520535349845886, 0.8293112516403198, 0.8752645254135132, 0.8944540619850159, 0.9037048816680908, 0.9111645221710205, 0.9147571921348572, 0.9179961085319519, 0.9190827012062073, 0.922219455242157, 0.9229761362075806, 0.9257476925849915, 0.9279972910881042, 0.9284235239028931, 0.9292318820953369, 0.9303220510482788, 0.9307690858840942, 0.9318428039550781, 0.9328578114509583, 0.9336307644844055, 0.933912992477417, 0.9342197179794312, 0.9350833892822266, 0.9359819293022156, 0.9359471797943115, 0.936565637588501, 0.9373182058334351, 0.9357218146324158, 0.9384813904762268, 0.9388598799705505, 0.9390091300010681, 0.9390612840652466, 0.9385206699371338, 0.9398177266120911, 0.9394695162773132, 0.9402316212654114, 0.9400242567062378, 0.9399025440216064, 0.9406421184539795, 0.9407644867897034, 0.9412505626678467, 0.9417378902435303, 0.9421344995498657, 0.9418357610702515, 0.9423925876617432, 0.941643476486206, 0.9426535367965698, 0.9430869221687317, 0.9428994059562683, 0.9423838257789612, 0.9431672096252441, 0.943272590637207, 0.9433969259262085, 0.9439953565597534, 0.9441201686859131, 0.9436869621276855, 0.943512499332428, 0.9444074630737305, 0.9445157051086426, 0.943780779838562, 0.9438406229019165, 0.9447097182273865, 0.9449632167816162, 0.9452513456344604, 0.9451315999031067, 0.9453858733177185, 0.9457324743270874, 0.9449760913848877, 0.9455522894859314, 0.9454829692840576, 0.9455652832984924, 0.9453223347663879, 0.9459177255630493, 0.9460887908935547, 0.9456961750984192, 0.9461092352867126, 0.9353348612785339, 0.9445509314537048, 0.9457226395606995, 0.9459403157234192, 0.9465281367301941, 0.9467141628265381, 0.9467939734458923, 0.946809709072113, 0.9469360113143921, 0.946735143661499, 0.9470464587211609, 0.9464163184165955, 0.9466404914855957, 0.9466113448143005, 0.947422444820404, 0.9473882913589478, 0.9472923278808594, 0.9475590586662292, 0.9475063681602478, 0.9475441575050354, 0.9474684000015259, 0.9471685290336609, 0.9469236135482788, 0.94748854637146], "loss": [0.8359703421592712, 0.4513276219367981, 0.33855241537094116, 0.28880736231803894, 0.263467013835907, 0.2428939789533615, 0.2321995198726654, 0.2229919284582138, 0.2192593514919281, 0.21133294701576233, 0.20875641703605652, 0.20047859847545624, 0.19420723617076874, 0.1929073929786682, 0.18982729315757751, 0.1870238184928894, 0.18546755611896515, 0.18232619762420654, 0.17924819886684418, 0.1766843944787979, 0.17587654292583466, 0.17498250305652618, 0.1727028340101242, 0.16953614354133606, 0.16965916752815247, 0.16782525181770325, 0.1657043993473053, 0.1700144112110138, 0.1621125340461731, 0.16111063957214355, 0.16045519709587097, 0.16021062433719635, 0.16198213398456573, 0.15798023343086243, 0.15907104313373566, 0.15687701106071472, 0.1575806587934494, 0.1579332947731018, 0.15542902052402496, 0.15513163805007935, 0.15358607470989227, 0.15209969878196716, 0.151037335395813, 0.15176258981227875, 0.15004725754261017, 0.15256288647651672, 0.14934413135051727, 0.14803272485733032, 0.14860935509204865, 0.14995038509368896, 0.14779065549373627, 0.14738906919956207, 0.1473320573568344, 0.14536406099796295, 0.14501626789569855, 0.14623893797397614, 0.14669227600097656, 0.14404021203517914, 0.14358916878700256, 0.14586521685123444, 0.1455925554037094, 0.14319103956222534, 0.14226877689361572, 0.14153946936130524, 0.1418783962726593, 0.14120282232761383, 0.14007936418056488, 0.14218759536743164, 0.14044266939163208, 0.1405741572380066, 0.1403948813676834, 0.1410529613494873, 0.13936768472194672, 0.13892260193824768, 0.14013028144836426, 0.1387888640165329, 0.17186136543750763, 0.1433512270450592, 0.13992227613925934, 0.1393900364637375, 0.13765890896320343, 0.13724972307682037, 0.13687294721603394, 0.1366858184337616, 0.1364375799894333, 0.13708411157131195, 0.13605496287345886, 0.13787613809108734, 0.1372266411781311, 0.13728566467761993, 0.13501930236816406, 0.13505010306835175, 0.13523851335048676, 0.13454276323318481, 0.13462722301483154, 0.13449080288410187, 0.1348017156124115, 0.13570451736450195, 0.13645067811012268, 0.1347452998161316], "val_accuracy": [0.7742975354194641, 0.8701173067092896, 0.8915716409683228, 0.8970136642456055, 0.9079230427742004, 0.9127637147903442, 0.9154706001281738, 0.9131500124931335, 0.9183191657066345, 0.9101464748382568, 0.9201093912124634, 0.9206977486610413, 0.9230809211730957, 0.9225073456764221, 0.9241867661476135, 0.9253487586975098, 0.9218736886978149, 0.9230536818504333, 0.9272929430007935, 0.9284720420837402, 0.9268249869346619, 0.9267914891242981, 0.9264960289001465, 0.9272380471229553, 0.9277196526527405, 0.9264588356018066, 0.9248711466789246, 0.9287394285202026, 0.9288596510887146, 0.9238024353981018, 0.9290774464607239, 0.9288449287414551, 0.9309223890304565, 0.9299530386924744, 0.9303078055381775, 0.9305453896522522, 0.9293379187583923, 0.9289894700050354, 0.9298958778381348, 0.9312123656272888, 0.9287500977516174, 0.9288089871406555, 0.9299270510673523, 0.9322653412818909, 0.9314824342727661, 0.9297696948051453, 0.929477334022522, 0.9317907094955444, 0.9315940737724304, 0.9314907193183899, 0.931925892829895, 0.9298505187034607, 0.9325491189956665, 0.9311054348945618, 0.9318543672561646, 0.9306702017784119, 0.9312067627906799, 0.9313552379608154, 0.9309553503990173, 0.9288932085037231, 0.9240134358406067, 0.9311093688011169, 0.9317485690116882, 0.9293805360794067, 0.9309725761413574, 0.9319100379943848, 0.9327540397644043, 0.9310616850852966, 0.9304795861244202, 0.931939423084259, 0.9300492405891418, 0.9314099550247192, 0.9310430288314819, 0.9275155663490295, 0.9301517605781555, 0.9325303435325623, 0.9307801723480225, 0.9313502311706543, 0.9313570857048035, 0.9321689009666443, 0.9326983094215393, 0.9300757050514221, 0.9322003722190857, 0.9324032068252563, 0.9309542179107666, 0.929620087146759, 0.9319485425949097, 0.9326021075248718, 0.9290347099304199, 0.9325984120368958, 0.9324620962142944, 0.931717574596405, 0.930232048034668, 0.9329670071601868, 0.9319856762886047, 0.9317153096199036, 0.9307906031608582, 0.9313184022903442, 0.9323031306266785, 0.9291287660598755],