{"accuracy": [0.6887082457542419, 0.8394742608070374, 0.876532793045044, 0.8917966485023499, 0.900897204875946, 0.9072095155715942, 0.9125882983207703, 0.9159656763076782, 0.9196619987487793, 0.9205227494239807, 0.9234668016433716, 0.9246030449867249, 0.9260213971138, 0.9267475008964539, 0.9285474419593811, 0.9292770624160767, 0.9301998615264893, 0.9314475655555725, 0.9321234822273254, 0.9326736330986023, 0.9338787198066711, 0.9343459606170654, 0.9342311024665833, 0.9338090419769287, 0.9349159598350525, 0.9355605840682983, 0.9373708963394165, 0.9371459484100342, 0.9378734230995178, 0.9375805258750916, 0.938206672668457, 0.9382266998291016, 0.9370361566543579, 0.9388717412948608, 0.9353769421577454, 0.9391380548477173, 0.9357591271400452, 0.938606858253479, 0.9402698278427124, 0.9407011866569519, 0.9404760599136353, 0.9403278827667236, 0.9412182569503784, 0.9414347410202026, 0.9413332343101501, 0.941794753074646, 0.9421309232711792, 0.9422465562820435, 0.9422560334205627, 0.9420055747032166, 0.9427080750465393, 0.9421226978302002, 0.9431160092353821, 0.9427708387374878, 0.9425581693649292, 0.9426286816596985, 0.9429149031639099, 0.9429125189781189, 0.9437215924263, 0.9435135126113892, 0.9440443515777588, 0.943731963634491, 0.9442291855812073, 0.944446325302124, 0.9446231722831726, 0.9436182975769043, 0.9445211291313171, 0.944771409034729, 0.9447721838951111, 0.9450200796127319, 0.9445770382881165, 0.9446356892585754, 0.9451797008514404, 0.9450063109397888, 0.9451473355293274, 0.9456183910369873, 0.9457849860191345, 0.9457185864448547, 0.9458913207054138, 0.9457647204399109, 0.9454946517944336, 0.9452188611030579, 0.9456238150596619, 0.9459020495414734, 0.9459186792373657, 0.9463093876838684, 0.94669508934021, 0.9464098215103149, 0.9463949799537659, 0.9464246034622192, 0.9464616775512695, 0.9463862776756287, 0.9464226961135864, 0.9468451142311096, 0.9468217492103577, 0.9468923807144165, 0.9470438361167908, 0.9471026062965393, 0.9472513794898987, 0.9475308656692505], "loss": [0.7549536824226379, 0.4258909821510315, 0.33357906341552734, 0.2940484285354614, 0.27061960101127625, 0.2528998851776123, 0.2380857765674591, 0.22927884757518768, 0.21808448433876038, 0.21494510769844055, 0.20716248452663422, 0.2034229040145874, 0.19927978515625, 0.19777370989322662, 0.1924942135810852, 0.18979030847549438, 0.18682006001472473, 0.18392902612686157, 0.1813151240348816, 0.17966340482234955, 0.17616644501686096, 0.1749180555343628, 0.17498205602169037, 0.17622314393520355, 0.17278066277503967, 0.1707557737827301, 0.16579347848892212, 0.16612660884857178, 0.16394546627998352, 0.16453884541988373, 0.16265533864498138, 0.1626843512058258, 0.16598232090473175, 0.16091251373291016, 0.1720484346151352, 0.16035456955432892, 0.17125637829303741, 0.16181844472885132, 0.15679985284805298, 0.1554683893918991, 0.15593619644641876, 0.1564618945121765, 0.15387922525405884, 0.15323330461978912, 0.15338242053985596, 0.15214847028255463, 0.15100537240505219, 0.15054266154766083, 0.15054020285606384, 0.15111035108566284, 0.1491365134716034, 0.15080232918262482, 0.14784355461597443, 0.14874255657196045, 0.14956051111221313, 0.1491173803806305, 0.14826242625713348, 0.1482430249452591, 0.14600813388824463, 0.14658762514591217, 0.14499710500240326, 0.1459607630968094, 0.14433346688747406, 0.14382657408714294, 0.1433214694261551, 0.1463349312543869, 0.14363621175289154, 0.14285974204540253, 0.14280550181865692, 0.1421326994895935, 0.14333616197109222, 0.1432441771030426, 0.14151190221309662, 0.14192922413349152, 0.14149728417396545, 0.14021927118301392, 0.13983233273029327, 0.13988547027111053, 0.13942156732082367, 0.13977853953838348, 0.14064675569534302, 0.14134828746318817, 0.1400846689939499, 0.13930171728134155, 0.1391594409942627, 0.138233944773674, 0.1369822472333908, 0.1378500908613205, 0.1379389464855194, 0.13767766952514648, 0.13778424263000488, 0.13787172734737396, 0.1378638744354248, 0.13664080202579498, 0.1365875005722046, 0.13639496266841888, 0.1358790248632431, 0.1357293576002121, 0.13546031713485718, 0.13456669449806213], "val_accuracy": [0.7892137169837952, 0.8698405027389526, 0.8835998177528381, 0.898989737033844, 0.9057327508926392, 0.9071068167686462, 0.9102960824966431, 0.9178752303123474, 0.9194944500923157, 0.9195576906204224, 0.9212391972541809, 0.9164242148399353, 0.9221411347389221, 0.9228464961051941, 0.9250568151473999, 0.9259085059165955, 0.923765242099762, 0.9250659942626953, 0.925708532333374, 0.9263851642608643, 0.9247594475746155, 0.9268213510513306, 0.9245128035545349, 0.9262718558311462, 0.9282474517822266, 0.92705899477005, 0.9256144165992737, 0.9289014935493469, 0.927009105682373, 0.9290949106216431, 0.9277119636535645, 0.9258222579956055, 0.9291282296180725, 0.9302487969398499, 0.9290053844451904, 0.9303699731826782, 0.9293125867843628, 0.9290927648544312, 0.9280193448066711, 0.9276811480522156, 0.929848849773407, 0.9307565093040466, 0.9308118224143982, 0.9292589426040649, 0.9285575747489929, 0.9299148321151733, 0.9292035102844238, 0.9282900094985962, 0.9313948154449463, 0.9296222925186157, 0.9312267303466797, 0.9310795664787292, 0.930335283279419, 0.9327580332756042, 0.9311093688011169, 0.9295567870140076, 0.9290039539337158, 0.9305352568626404, 0.9292353391647339, 0.9300559759140015, 0.9309769868850708, 0.9315462112426758, 0.9314676523208618, 0.9310452342033386, 0.9319823980331421, 0.9324317574501038, 0.9307127594947815, 0.9305747151374817, 0.9321367144584656, 0.9297669529914856, 0.9328711628913879, 0.9312095046043396, 0.9318594932556152, 0.9333875179290771, 0.9323471188545227, 0.9323093295097351, 0.9312012791633606, 0.9323912262916565, 0.9327077269554138, 0.9307658672332764, 0.9333612322807312, 0.9298976063728333, 0.9299744963645935, 0.9321677088737488, 0.9319175481796265, 0.9317741394042969, 0.9333252906799316, 0.9317114353179932, 0.9327073693275452, 0.9319803714752197, 0.9297417402267456, 0.9322213530540466, 0.9332020878791809, 0.9333174824714661, 0.9324164986610413, 0.9314037561416626, 0.9285924434661865, 0.9315236806869507, 0.9329149127006531, 0.9311820864677429],