{"accuracy": [0.7534790635108948, 0.8654066920280457, 0.8867995738983154, 0.8972713351249695, 0.9026088714599609, 0.9075391888618469, 0.9102381467819214, 0.9127134084701538, 0.9149442315101624, 0.916831374168396, 0.91788250207901, 0.9194733500480652, 0.9205284714698792, 0.9213508367538452, 0.9225609302520752, 0.9240702390670776, 0.9246507883071899, 0.9253337383270264, 0.9256935119628906, 0.9266476035118103, 0.9262944459915161, 0.9277052283287048, 0.9290204048156738, 0.9290358424186707, 0.9284098148345947, 0.9294549822807312, 0.9299157857894897, 0.9309237599372864, 0.9306768178939819, 0.9315545558929443, 0.9313665628433228, 0.9316914677619934, 0.9318517446517944, 0.932356059551239, 0.9319795966148376, 0.9329049587249756, 0.9333513379096985, 0.933235228061676, 0.9329625964164734, 0.9336963891983032, 0.9340327382087708, 0.9340937733650208, 0.9347313642501831, 0.9343976974487305, 0.9344393014907837, 0.9349825978279114, 0.9350050091743469, 0.9351999759674072, 0.9353415369987488, 0.9352697134017944, 0.9350370168685913, 0.9360361099243164, 0.9361772537231445, 0.9362462162971497, 0.9364506602287292, 0.9365150332450867, 0.9361268877983093, 0.9363298416137695, 0.9367870688438416, 0.936431884765625, 0.93711918592453, 0.9370576739311218, 0.9367193579673767, 0.937080442905426, 0.9374663233757019, 0.9376084208488464, 0.9374802708625793, 0.9376406073570251, 0.9374443888664246, 0.9375721216201782, 0.9380715489387512, 0.9378281831741333, 0.9381917119026184, 0.9378362894058228, 0.9382123947143555, 0.9385219812393188, 0.9384623765945435, 0.9379541873931885, 0.9384186863899231, 0.9386933445930481, 0.9388951063156128, 0.9388884902000427, 0.9383654594421387, 0.9386678338050842, 0.9388850927352905, 0.939373791217804, 0.9392253160476685, 0.939215898513794, 0.9391050338745117, 0.938859224319458, 0.9393060207366943, 0.9395305514335632, 0.9391807317733765, 0.939259946346283, 0.9395812749862671, 0.9399452209472656, 0.9387832880020142, 0.9399587512016296, 0.939903199672699, 0.9402529001235962], "loss": [0.6110435128211975, 0.36129966378211975, 0.3072741627693176, 0.27879664301872253, 0.2631576657295227, 0.2491404265165329, 0.24178649485111237, 0.23442953824996948, 0.2283015102148056, 0.22252680361270905, 0.21918444335460663, 0.2141360640525818, 0.21082858741283417, 0.2085534781217575, 0.20506131649017334, 0.20065109431743622, 0.19894883036613464, 0.19707944989204407, 0.19582711160182953, 0.19339828193187714, 0.19455815851688385, 0.19011756777763367, 0.1866130828857422, 0.18632474541664124, 0.18817315995693207, 0.18516969680786133, 0.1837933510541916, 0.18091268837451935, 0.18153800070285797, 0.17928391695022583, 0.17950671911239624, 0.17880849540233612, 0.17822225391864777, 0.17674016952514648, 0.1779814511537552, 0.17528656125068665, 0.17392002046108246, 0.17429578304290771, 0.1750732958316803, 0.17285677790641785, 0.17211008071899414, 0.1718839704990387, 0.17010562121868134, 0.17103716731071472, 0.17068135738372803, 0.16916707158088684, 0.1692752242088318, 0.16868989169597626, 0.16817301511764526, 0.16836969554424286, 0.16889698803424835, 0.16611815989017487, 0.16580037772655487, 0.1655910313129425, 0.1650829166173935, 0.16493278741836548, 0.16585412621498108, 0.16533595323562622, 0.16401633620262146, 0.1648685336112976, 0.16305716335773468, 0.16323354840278625, 0.1642599254846573, 0.16311140358448029, 0.16212426126003265, 0.16166748106479645, 0.16206510365009308, 0.16156405210494995, 0.16218632459640503, 0.161723792552948, 0.16034463047981262, 0.16103461384773254, 0.16002057492733002, 0.16093666851520538, 0.15988193452358246, 0.1590641289949417, 0.15903252363204956, 0.16062884032726288, 0.15916961431503296, 0.1584855616092682, 0.15790022909641266, 0.1579415649175644, 0.15940691530704498, 0.15857629477977753, 0.1577795445919037, 0.15648005902767181, 0.15705057978630066, 0.1570449322462082, 0.15734657645225525, 0.15783436596393585, 0.15674111247062683, 0.1559261828660965, 0.15688353776931763, 0.15671229362487793, 0.15586146712303162, 0.15476612746715546, 0.15815339982509613, 0.1548202782869339, 0.15500561892986298, 0.15391501784324646], "val_accuracy": [0.8419189453125, 0.8816562294960022, 0.887261152267456, 0.8952831625938416, 0.8989329934120178, 0.907974362373352, 0.9115461707115173, 0.9036306738853455, 0.9134786128997803, 0.9119829535484314, 0.9160279035568237, 0.9125432372093201, 0.9172483086585999, 0.9173039793968201, 0.9213967323303223, 0.9199988842010498, 0.9183885455131531, 0.9195804595947266, 0.9219152331352234, 0.9228304624557495, 0.9226927757263184, 0.9232258200645447, 0.9235037565231323, 0.9191478490829468, 0.9243286848068237, 0.9209957122802734, 0.92186039686203, 0.9189741015434265, 0.9250431656837463, 0.9249155521392822, 0.9246124029159546, 0.9246549606323242, 0.9241527318954468, 0.925744354724884, 0.9254583120346069, 0.9263210296630859, 0.9256478548049927, 0.925872802734375, 0.9260060787200928, 0.9248731136322021, 0.9259130954742432, 0.9267209768295288, 0.9267924427986145, 0.9265601634979248, 0.9266937375068665, 0.9269270896911621, 0.9259922504425049, 0.9258868098258972, 0.9255759119987488, 0.9261972308158875, 0.9256517291069031, 0.9269635677337646, 0.9253101348876953, 0.9263117909431458, 0.9260179400444031, 0.9274113178253174, 0.9265287518501282, 0.9267182350158691, 0.9273697733879089, 0.9273449182510376, 0.9286452531814575, 0.920211672782898, 0.9285555481910706, 0.9253873229026794, 0.9271388649940491, 0.9284096360206604, 0.9254963994026184, 0.9283619523048401, 0.9255440831184387, 0.92877197265625, 0.9259463548660278, 0.9273701906204224, 0.9272857904434204, 0.9259107708930969, 0.9264562129974365, 0.928899884223938, 0.9275116920471191, 0.9265754222869873, 0.9263721108436584, 0.9287816286087036, 0.9273168444633484, 0.9286521673202515, 0.9267192482948303, 0.9280158877372742, 0.9280365705490112, 0.929070234298706, 0.9286233186721802, 0.9267676472663879, 0.9270965456962585, 0.9282147884368896, 0.9285650849342346, 0.9248818755149841, 0.9296834468841553, 0.9284064769744873, 0.9291034936904907, 0.927478015422821, 0.9277550578117371, 0.9298149943351746, 0.9282259345054626, 0.9285759925842285],