{"accuracy": [0.7008153796195984, 0.8668330907821655, 0.8929187655448914, 0.9054324626922607, 0.9126873016357422, 0.9169401526451111, 0.9209702610969543, 0.9226150512695312, 0.9261091947555542, 0.9259905815124512, 0.9279056787490845, 0.9306589961051941, 0.9312056303024292, 0.9306037425994873, 0.9323582053184509, 0.9332690834999084, 0.9340875744819641, 0.9343598484992981, 0.9346806406974792, 0.9365705251693726, 0.9350188970565796, 0.9340613484382629, 0.9367107152938843, 0.9377350807189941, 0.9384340643882751, 0.9386566281318665, 0.9390917420387268, 0.9392255544662476, 0.9392567276954651, 0.9390909671783447, 0.9401878118515015, 0.9403858780860901, 0.9409549832344055, 0.9404684901237488, 0.9408174753189087, 0.9418200850486755, 0.9418252110481262, 0.9424354434013367, 0.9422009587287903, 0.9424250721931458, 0.9427721500396729, 0.9426614046096802, 0.9423975944519043, 0.9427385330200195, 0.9428808093070984, 0.9433523416519165, 0.9434423446655273, 0.9438134431838989, 0.9436332583427429, 0.9439120292663574, 0.9438278675079346, 0.9436653256416321, 0.9439789056777954, 0.9444718956947327, 0.9447686672210693, 0.9446505904197693, 0.9448009729385376, 0.9426090717315674, 0.9445408582687378, 0.9456554651260376, 0.945586621761322, 0.9453548789024353, 0.9456310868263245, 0.9460815787315369, 0.9461146593093872, 0.9455104470252991, 0.9458649754524231, 0.9458146691322327, 0.9457112550735474, 0.9460993409156799, 0.946397066116333, 0.9460886120796204, 0.9464638829231262, 0.9468241930007935, 0.9465672969818115, 0.9462202191352844, 0.9466097950935364, 0.9469190835952759, 0.9468615055084229, 0.9469373226165771, 0.9469137191772461, 0.9473307728767395, 0.9474343061447144, 0.9471747279167175, 0.9475409388542175, 0.9476132988929749, 0.9472054839134216, 0.9475694298744202, 0.947695791721344, 0.9473599791526794, 0.9478204250335693, 0.9475280046463013, 0.9479910135269165, 0.9476375579833984, 0.9478874802589417, 0.9480960965156555, 0.9482206106185913, 0.9479303956031799, 0.9478342533111572, 0.9483708739280701], "loss": [0.7213128209114075, 0.35845521092414856, 0.29240015149116516, 0.258334219455719, 0.238486185669899, 0.2269871085882187, 0.21468591690063477, 0.21005114912986755, 0.2001960277557373, 0.20033083856105804, 0.19489137828350067, 0.1869177371263504, 0.18524616956710815, 0.1868654042482376, 0.18185389041900635, 0.17926397919654846, 0.17652957141399384, 0.17549015581607819, 0.17444464564323425, 0.16903507709503174, 0.17323750257492065, 0.17723685503005981, 0.16865752637386322, 0.16555306315422058, 0.16349661350250244, 0.16235901415348053, 0.16110800206661224, 0.1606278121471405, 0.16067610681056976, 0.16100236773490906, 0.15761224925518036, 0.15702804923057556, 0.1554698646068573, 0.15683434903621674, 0.15569597482681274, 0.15268516540527344, 0.15255574882030487, 0.1509062796831131, 0.1513594537973404, 0.15074221789836884, 0.14956755936145782, 0.14974115788936615, 0.15046672523021698, 0.14953762292861938, 0.14909091591835022, 0.14768683910369873, 0.1475142240524292, 0.14636026322841644, 0.1467261165380478, 0.14592532813549042, 0.1463027149438858, 0.14717546105384827, 0.14582225680351257, 0.14422526955604553, 0.14348801970481873, 0.14359703660011292, 0.1432052105665207, 0.14966055750846863, 0.14391806721687317, 0.14080873131752014, 0.14104466140270233, 0.1414574384689331, 0.14085251092910767, 0.13951070606708527, 0.1393633931875229, 0.140974223613739, 0.14000974595546722, 0.14021508395671844, 0.1404303014278412, 0.1392395794391632, 0.13836464285850525, 0.13904650509357452, 0.13829630613327026, 0.1372428983449936, 0.13786639273166656, 0.13884872198104858, 0.13779021799564362, 0.13694798946380615, 0.13687527179718018, 0.13668054342269897, 0.13684001564979553, 0.13560175895690918, 0.135342076420784, 0.1360359936952591, 0.13501031696796417, 0.13475309312343597, 0.13580237329006195, 0.13492785394191742, 0.13437454402446747, 0.13536839187145233, 0.13411203026771545, 0.1350329965353012, 0.1336023211479187, 0.1345338076353073, 0.13387615978717804, 0.13322392106056213, 0.13295869529247284, 0.13378192484378815, 0.13400369882583618, 0.13253967463970184], "val_accuracy": [0.8308585286140442, 0.875745415687561, 0.8977091312408447, 0.8904704451560974, 0.9103280901908875, 0.9114991426467896, 0.9221430420875549, 0.9198904633522034, 0.9188664555549622, 0.9247236251831055, 0.9281197786331177, 0.9287770390510559, 0.9286647439002991, 0.9258946180343628, 0.9302610158920288, 0.9293404817581177, 0.9289073944091797, 0.927453875541687, 0.9294063448905945, 0.9312281608581543, 0.9267255067825317, 0.9287077188491821, 0.9331128597259521, 0.9315692186355591, 0.9327405691146851, 0.9298738241195679, 0.9315658211708069, 0.9303698539733887, 0.9328070282936096, 0.9322240352630615, 0.9323087930679321, 0.9308885335922241, 0.9336791634559631, 0.9310758709907532, 0.9339914917945862, 0.9333983659744263, 0.9331270456314087, 0.9325791001319885, 0.9327206611633301, 0.9344174861907959, 0.9336182475090027, 0.9331865310668945, 0.9337303042411804, 0.933085560798645, 0.9342448115348816, 0.9351730346679688, 0.9332686066627502, 0.9333682656288147, 0.9346120357513428, 0.9353546500205994, 0.9348716735839844, 0.9318200349807739, 0.9332895278930664, 0.9367786645889282, 0.9351290464401245, 0.9349219799041748, 0.9351756572723389, 0.9356256723403931, 0.9353758692741394, 0.9355565905570984, 0.9351978898048401, 0.9345230460166931, 0.9346435070037842, 0.9364718198776245, 0.9360349178314209, 0.935857892036438, 0.9352198243141174, 0.9347678422927856, 0.9347378611564636, 0.9366502165794373, 0.936478853225708, 0.9331719875335693, 0.9338302612304688, 0.9355375170707703, 0.9367499947547913, 0.9362682104110718, 0.934435248374939, 0.9346157312393188, 0.9345623850822449, 0.9346616268157959, 0.936324954032898, 0.9369350075721741, 0.935855507850647, 0.9351723194122314, 0.9363820552825928, 0.9342108964920044, 0.9357838034629822, 0.9372009634971619, 0.9361377954483032, 0.936511754989624, 0.9366797804832458, 0.9351496696472168, 0.9345867037773132, 0.9363584518432617, 0.9364039897918701, 0.9368057250976562, 0.9363809823989868, 0.9343996644020081, 0.9365283846855164, 0.9353049397468567],